smiles,chembl_id,has_single_amine,amine_type,logP,MW,HDonors,HAcceptors
C[C@@H](N)Cc1c2ccoc2c(Br)c2ccoc12.Cl,CHEMBL6706,True,primary,4.253000000000002,330.609,1,3
C[C@@H]1O[C@H](n2cnc(C(N)=O)n2)[C@@H](O)[C@H]1O,CHEMBL274535,True,primary,-1.9838999999999989,228.208,3,6
CC[C@H]1Cc2cc3c(C(F)(F)F)cc(O)nc3cc2N[C@@H]1CC,CHEMBL6959,True,secondary,4.732000000000003,324.34600000000006,2,3
CC(C)Nc1nc2ccccc2n2cnnc12,CHEMBL269318,True,secondary,2.0977999999999994,227.27100000000002,1,4
CCOC(=O)C1=C(O)C(=O)N(c2cccc3ccccc23)C1,CHEMBL7013,True,tertiary,2.561600000000001,297.31000000000006,1,4
CC(C)(C)NCC(O)COC(=O)c1ccc(C=O)cc1,CHEMBL7234,True,secondary,1.4049,279.33599999999996,2,5
CN1CCC2(CC1)CN=C(c1cn(C)c3ccccc13)O2,CHEMBL267991,True,tertiary,2.419500000000001,283.37500000000006,0,3
COCC(=O)Nc1ccc(Oc2cccc(OC)c2)cc1,CHEMBL7659,True,secondary,3.072400000000002,287.315,1,4
CON(C)C(=O)c1cc2c(Sc3ccc(C)cc3)cncc2s1,CHEMBL6517,True,tertiary,4.389320000000003,344.461,0,5
Cc1cc(CC(C)N)cc2c1OCO2,CHEMBL6330,True,primary,1.61342,193.24599999999998,1,3
COc1cccc(Oc2ccc(NC(=O)C3CC3)cc2)c1,CHEMBL7673,True,secondary,3.836000000000002,283.327,1,3
CC1(C)CC[C@]2(C(N)=O)CC[C@]3(C)C(C(=O)C=C4[C@@]5(C)C=C(C#N)C(=O)C(C)(C)[C@@H]5CC[C@]43C)C2C1,CHEMBL7858,True,primary,5.691280000000006,490.6880000000004,1,4
CCC1Nc2cc3oc(=O)cc(C(F)(F)F)c3cc2CC1C,CHEMBL6654,True,secondary,4.194500000000002,311.30300000000005,1,3
CO/N=C/[C@@]1(C)[C@H](C(=O)[O-])N2C(=O)[C@@H](CO)[C@H]2S1(=O)=O.[Na+],CHEMBL6678,True,tertiary,-6.294999999999996,328.278,1,8
COc1cccc(Oc2ccc(NC(C)=O)cc2)c1,CHEMBL8094,True,secondary,3.4459000000000017,257.289,1,3
c1ccc(Cn2cnc3c(NC4CC4)ncnc32)cc1,CHEMBL7583,True,secondary,2.4489,265.32,1,4
CC/C(=C(\c1ccc(I)cc1)c1ccc(OCCCCCCCCCCN(C)C)cc1)c1ccccc1,CHEMBL6596,True,tertiary,9.721499999999999,609.6360000000005,0,2
COc1cc2ncnc(Nc3cccc(Cl)c3)c2cc1OC,CHEMBL7917,True,secondary,4.044000000000002,315.7600000000001,1,5
Cc1c([N+](=O)[O-])oc2ccc3c(c12)CCCC3,CHEMBL7159,True,tertiary,3.528220000000002,231.25099999999992,0,3
CC(N)Cc1ccccc1,CHEMBL405,True,primary,1.5763,135.20999999999998,1,1
Cn1nc(S(N)(=O)=O)sc1=N,CHEMBL6753,True,primary,-1.3915299999999995,194.24100000000004,2,5
CCCN(CCC)C(=O)[C@]12CCC(C)(C)CC1C1C(=O)C=C3[C@@]4(C)C=C(C#N)C(=O)C(C)(C)[C@@H]4CC[C@@]3(C)[C@]1(C)CC2,CHEMBL266254,True,tertiary,7.85458000000001,574.8500000000001,0,4
c1ccc(Cn2cnc3c(N4CCCC4)ncnc32)cc1,CHEMBL7230,True,tertiary,2.4748,279.347,0,4
CC/C(=C(\c1ccc(I)cc1)c1ccc(OCCCCN2CCCC2)cc1)c1ccccc1,CHEMBL267035,True,tertiary,7.915100000000009,551.5120000000005,0,2
CCCCCCNC(=O)[C@]12CCC(C)(C)CC1C1C(=O)C=C3[C@@]4(C)C=C(C#N)C(=O)C(C)(C)[C@@H]4CC[C@@]3(C)[C@]1(C)CC2,CHEMBL268602,True,secondary,7.90248000000001,574.8500000000001,1,4
O=C1c2ccc(OCc3ccncc3)cc2CCC1CCN1CCC(c2ccccc2)CC1,CHEMBL7726,True,tertiary,5.675400000000006,440.58700000000033,0,4
CN(C)c1ncnc2c1ncn2Cc1c(F)cccc1F,CHEMBL6817,True,tertiary,2.2188,289.289,0,4
CCCCCCC(C(=O)O)n1cnc(NC(=O)c2ccccc2S(=O)(=O)O)c1,CHEMBL269587,True,secondary,2.978200000000001,409.4640000000001,3,5
CONC(=O)c1cc2c(Sc3ccc(C)cc3)cncc2s1,CHEMBL269075,True,secondary,4.047120000000002,330.434,1,5
CCCCCCCCCCCCC#CC#CCCCCCCCCC(=O)NCCO,CHEMBL7864,True,secondary,6.533500000000007,417.6780000000003,2,2
C=CCC1Oc2cccc(SC)c2-c2ccc3c(c21)C(C)=CC(C)(C)N3,CHEMBL8394,True,secondary,6.692500000000005,363.52600000000007,1,3
CNc1ncnc2c1ncn2Cc1c(F)cccc1Cl,CHEMBL269046,True,secondary,2.708800000000001,291.717,1,4
NC(=O)c1cc2c(Sc3ccc(Cl)cc3)cncc2s1,CHEMBL268567,True,primary,4.199800000000001,320.826,1,4
C/C(=C\CC1SC(=O)NC1=O)c1cccc(OCc2nc(-c3ccc(OC(F)(F)F)cc3)oc2C)c1,CHEMBL7093,True,secondary,6.272620000000003,518.5130000000003,1,7
Cn1cc(C2=C(c3cn(CCCO)c4ccccc34)C(=O)NC2=O)c2ccccc21,CHEMBL6205,True,secondary,3.082600000000001,399.4500000000001,2,3
CNC1=NCCCC1,CHEMBL268294,True,secondary,0.7881999999999998,112.176,1,2
C#Cc1cccc2c1-c1ccc3c(c1C(CC=C)O2)C(C)=CC(C)(C)N3,CHEMBL7671,True,secondary,5.951900000000005,341.45400000000006,1,2
O=C1NC(=O)C(c2cn(CCOCCO)c3ccccc23)=C1c1c[nH]c2ccccc12,CHEMBL7329,True,secondary,2.6987000000000005,415.44900000000007,3,4
CNc1ncnc2c1ncn2Cc1ccc(F)cc1F,CHEMBL6723,True,secondary,2.1944999999999997,275.262,1,4
NC1=NC(c2ccccc2)Cc2cccc(Cl)c21,CHEMBL7934,True,primary,3.3427000000000024,256.736,1,2
Cn1cc(C2=NCC3(CN4CCC3CC4)O2)c2ccccc21,CHEMBL269161,True,tertiary,2.4195,295.38599999999997,0,3
Oc1cccc(C2CCC3CCCCN3C2)c1,CHEMBL8120,True,tertiary,3.124100000000001,231.33899999999994,1,2
CO[C@H]1C[C@@H]2CC[C@@H](C)[C@@](O)(O2)C(=O)C(=O)N2CCCC[C@H]2C(=O)O[C@H]([C@H](C)C[C@@H]2CC[C@@H](O)[C@H](OC)C2)CC(=O)[C@H](C)/C=C(\C)[C@@H](O)[C@@H](OC)C(=O)[C@H](C)C[C@H](C)/C=C/C=C/C=C/1C,CHEMBL413,True,tertiary,6.180600000000006,914.187,3,13
COC(=O)C(C)(C)CCCOc1cccc(OCCCC(C)(C)C(=O)OC)c1NC(C)=O,CHEMBL267249,True,secondary,4.361400000000003,451.5600000000003,1,7
CC(C)CC(=O)C(=O)N1CCCCC1C(=O)OCCCc1cccnc1,CHEMBL268113,True,tertiary,2.553700000000001,360.45400000000006,0,5
CSCC[C@H](NC(=O)c1ccccc1Br)C(=O)O,CHEMBL267892,True,secondary,2.3852,332.21900000000005,2,3
O=C1NC(=O)c2cc(Sc3ccccc3)c(Sc3ccccc3)cc21,CHEMBL8271,True,secondary,4.872600000000003,363.4630000000001,1,4
O=C(N[C@@H](Cc1c[nH]c2ccc(O)cc12)C(=O)O)c1ccccc1Br,CHEMBL8149,True,secondary,3.061700000000001,403.2320000000001,4,3
NC1=NC(c2ccccc2)Cc2ccsc21,CHEMBL8106,True,primary,2.750800000000001,228.31999999999996,1,3
CCC1CC(CC)c2cc3c(C(F)(F)F)cc(=O)oc3cc2N1,CHEMBL6721,True,secondary,4.899600000000004,325.33000000000004,1,3
O=C1Nc2ccc(Cl)cc2C12OCCO2,CHEMBL6545,True,secondary,1.4916999999999998,225.63099999999994,1,3
CC1(C)CCc2cc3c(C(F)(F)F)cc(=O)oc3cc2N1,CHEMBL7289,True,secondary,3.948500000000003,297.27599999999995,1,3
CCCCCCC[C@H]1OC(=O)C[C@@H](O)[C@H](Cc2ccccc2)N(C)C(=O)[C@H](CC(C)C)OC(=O)[C@H]1C,CHEMBL7937,True,tertiary,4.687000000000005,503.6800000000003,1,6
CCc1nnc2c(NCC(C)O)nc3ccccc3n12,CHEMBL7219,True,secondary,1.6325999999999996,271.324,2,5
Cc1cccc(C(=O)OCC(O)CNC(C)C)c1,CHEMBL6957,True,secondary,1.51072,251.326,2,4
CN(C)c1ncnc2c1ncn2Cc1ccc(OCc2ccccc2)cc1,CHEMBL266462,True,tertiary,3.5196000000000023,359.43300000000005,0,5
O=C1c2ccc(OCc3ccccc3)cc2CCC1CC(=O)N1CCC(c2ccccc2)CC1,CHEMBL7791,True,tertiary,5.807000000000006,453.58200000000033,0,3
COc1ccc(Cl)cc1[C@@]1(F)C(=O)Nc2cc(C(F)(F)F)ccc21,CHEMBL8347,True,secondary,4.532600000000002,359.706,1,2
COc1cccc(Cn2cnc3c(N(C)C)ncnc32)c1,CHEMBL8193,True,tertiary,1.9491999999999998,283.33500000000004,0,5
COc1ccc(C(NC(C)=O)c2ccc(C(C)C)cc(=O)c2O)cc1,CHEMBL268603,True,secondary,3.1099000000000014,341.40700000000004,2,4
O=C1c2ccc(OCc3ccccc3)cc2CCC1CCN1CCC(c2ccccc2)CC1,CHEMBL7607,True,tertiary,6.280400000000006,439.59900000000033,0,3
C=CCC1Oc2c(Br)ccc(OC)c2-c2ccc3c(c21)C(C)=CC(C)(C)N3,CHEMBL7817,True,secondary,6.741700000000005,426.3540000000002,1,3
CC1(C)[C@H](C(=O)O)N2C(=O)C[C@H]2S1(=O)=O,CHEMBL403,True,tertiary,-0.794999999999999,233.24499999999998,1,4
NS(=O)(=O)c1ccc(/C=C/c2ccc(F)cc2)cc1,CHEMBL7218,True,primary,2.6435000000000013,277.32,1,2
CC1(C)CC[C@]2(C(=O)NCc3ccccc3)CC[C@]3(C)C(C(=O)C=C4[C@@]5(C)C=C(C#N)C(=O)C(C)(C)[C@@H]5CC[C@]43C)C2C1,CHEMBL269763,True,secondary,7.522380000000009,580.8130000000001,1,4
CN(C)c1ncnc2c1ncn2Cc1ccc(C#N)cc1,CHEMBL7629,True,tertiary,1.81228,278.31899999999996,0,5
Oc1ccc2c(c1O)CCC[C@H]2C1=NCCN1,CHEMBL7707,True,secondary,1.5193999999999996,232.28299999999996,3,4
CCCCCCC[C@H]1OC(=O)C[C@@H](O)[C@H](Cc2ccccc2)N(C)C(=O)[C@H](C(C)CC)OC(=O)[C@H]1C,CHEMBL7886,True,tertiary,4.687000000000005,503.6800000000003,1,6
CN(C)c1ncnc2c1ncn2Cc1cccc(CO)c1,CHEMBL7881,True,tertiary,1.4328999999999998,283.335,1,5
CC(=O)O[C@H]1C(=O)[C@@]2(C)C([C@H](OCc3ccccc3)[C@]3(O)CC(OC(=O)[C@H](O)[C@@H](NC(=O)c4ccccc4)c4ccccc4)C(C)=C1C3(C)C)[C@]1(OC(C)=O)CO[C@@H]1C[C@@H]2OCOCCO,CHEMBL415476,True,secondary,4.086200000000004,914.0139999999998,4,15
CNC1C2CCC(C2)C1(C)C,CHEMBL6491,True,secondary,2.0305,153.269,1,1
O=C(O)c1cc(/N=N/c2ccc(S(=O)(=O)Nc3ccccn3)cc2)ccc1O,CHEMBL421,True,secondary,3.7016000000000013,398.4000000000001,3,7
C=CCC1Oc2cccc(OC)c2-c2ccc3c(c21)C(C)=CC(C)(C)N3,CHEMBL266282,True,secondary,5.979200000000004,347.458,1,3
COc1ccc2[nH]cc(CCN)c2c1,CHEMBL8165,True,primary,1.6777,190.24599999999995,2,2
COc1ccc(CCNCC(O)COC(=O)c2ccccc2C)cc1OC,CHEMBL7733,True,secondary,2.3622200000000007,373.4490000000001,2,6
O=C1c2ccc(OCc3cccc(-c4ccccc4)c3)cc2CCC1CCN1CCC(c2ccccc2)CC1,CHEMBL7328,True,tertiary,7.947400000000009,515.6970000000003,0,3
O=C(N[C@@H](Cc1c[nH]cn1)C(=O)O)c1ccccc1Br,CHEMBL7140,True,secondary,1.5978999999999994,338.161,3,3
c1ccc2c3c([nH]c2c1)C1=NCCN1CC3,CHEMBL267399,True,tertiary,1.7861999999999998,211.26799999999992,1,2
Oc1cccc([C@@H]2CCCN3CCCC23)c1,CHEMBL8074,True,tertiary,2.734000000000001,217.31199999999995,1,2
Brc1ccc2c3c([nH]c2c1)CNCC3,CHEMBL441891,True,secondary,2.576100000000001,251.12699999999995,2,1
CCn1ncc2c(NCc3ccc(OC)c(Cl)c3)c(C(=O)O)cnc21,CHEMBL267805,True,secondary,3.4235000000000015,360.8010000000001,2,5
CC(=O)Oc1ccc2c(ccc3oc([N+](=O)[O-])cc32)c1,CHEMBL7207,True,tertiary,3.419500000000002,271.228,0,5
C#CCOc1ccc2c(c1OC)-c1ccc3c(c1C(CC=C)O2)C(C)=CC(C)(C)N3,CHEMBL266488,True,secondary,5.9912000000000045,401.5060000000002,1,4
CC[C@H]1C[C@@H](C)Nc2cc3nc(O)cc(C(F)(F)F)c3cc21,CHEMBL427957,True,secondary,4.656900000000004,310.319,2,3
COC1(OC)C(=O)Nc2ccccc21,CHEMBL268311,True,secondary,1.0843000000000003,193.20200000000003,1,3
CCN(CC)c1ncnc2c1ncn2Cc1ccccc1,CHEMBL268639,True,tertiary,2.7208000000000006,281.363,0,4
CC(=O)/C=C/CC1C(=O)N2[C@@H](C(=O)O)C(C)(C)S(=O)(=O)[C@@H]12,CHEMBL6311,True,tertiary,-0.03359999999999941,315.34700000000004,1,5
CC(C)[C@H](NC(=O)c1ccccc1Br)C(=O)O,CHEMBL7576,True,secondary,2.2881,300.15200000000004,2,2
C=CCC1Oc2cccc(C=C)c2-c2ccc3c(c21)C(C)=CC(C)(C)N3,CHEMBL267940,True,secondary,6.613600000000005,343.47,1,2
CC(C)(C)Nc1ncnc2c1ncn2Cc1ccccc1F,CHEMBL267639,True,secondary,3.2241000000000017,299.353,1,4
O=C(N[C@@H](Cc1c[nH]c2ccccc12)C(=O)O)c1ccccc1Br,CHEMBL268669,True,secondary,3.3561000000000014,387.23300000000006,3,2
O=C1c2ccc(Oc3ccccc3)cc2CCC1CCN1CCC(c2ccccc2)CC1,CHEMBL414021,True,tertiary,6.493700000000007,425.57200000000023,0,3
C=CCOc1cccc(C(=O)OCC(O)CNC(C)C)c1,CHEMBL7332,True,secondary,1.7671,293.363,2,5
CC1CC(N)=NC(C)C1,CHEMBL269076,True,primary,1.1620000000000001,126.203,1,2
Nc1nc(O)c2ncn(CCCCCCP(=O)(O)CP(=O)(O)O)c2n1,CHEMBL7319,True,primary,1.0800999999999996,393.277,5,7
CCOC(=O)CNC(=O)c1cc(-c2ccncc2)nnc1Cl,CHEMBL6486,True,secondary,1.4848999999999999,320.736,1,6
COc1cc2c(cc1OC)Nc1ncnc(O)c1C2,CHEMBL414013,True,secondary,1.8471999999999997,259.26500000000004,2,6
CCCc1nnc2c(NC3CCCC3)nc3ccccc3n12,CHEMBL266978,True,secondary,3.584500000000002,295.39,1,4
CCCCCC[C@@H](C(=O)N1C[C@@H](Oc2ccc(CC(=O)O)cc2)C[C@H]1C(=O)O)n1cnc2cc(-c3ccccc3S(=O)(=O)O)ccc21,CHEMBL428890,True,tertiary,5.221700000000004,663.7490000000004,3,7
ONC1c2cc(O)c(O)cc2-c2cc(O)c(O)cc21,CHEMBL6353,True,secondary,1.5575999999999992,261.233,6,6
COc1cc2c(cc1OC)Nc1ncn(C)c(=O)c1C2,CHEMBL6976,True,secondary,1.4452999999999996,273.29200000000003,1,5
CSc1ccc(CC(C)N)cc1,CHEMBL6467,True,primary,2.2982000000000005,181.30399999999997,1,2
CCCCCCC[C@H]1OC(=O)C[C@@H](O)[C@H](Cc2ccccc2)N(C)C(=O)[C@H](C(C)C)OC(=O)[C@H]1C,CHEMBL269137,True,tertiary,4.2969000000000035,489.65300000000025,1,6
CCOC(=O)C1=C(O)C(=O)N(C2c3ccccc3-c3ccccc32)C1,CHEMBL7224,True,tertiary,2.9738000000000016,335.3590000000001,1,4
COc1ccc2[nH]cc(CCN(C)C)c2c1,CHEMBL7257,True,tertiary,2.2806000000000006,218.29999999999995,1,2
CCOc1noc2c1CNCC2.Cl,CHEMBL6680,True,secondary,1.1407999999999998,204.65699999999998,1,4
COc1ccc2ccc3oc([N+](=O)[O-])cc3c2c1,CHEMBL269488,True,tertiary,3.5028000000000015,243.21799999999996,0,4
O=[N+]([O-])c1cc2c3c(ccc2o1)CCCC3,CHEMBL7374,True,tertiary,3.219800000000001,217.22399999999993,0,3
NC1=NC(c2ccco2)Cc2ccccc21,CHEMBL266226,True,primary,2.2823,212.25199999999998,1,3
CCOC(=O)COc1ccc2c(ccc3oc([N+](=O)[O-])cc32)c1,CHEMBL7525,True,tertiary,3.4361000000000024,315.28100000000006,0,6
NC(=O)c1cc(-c2ccc(F)c(Cl)c2)nnc1Cl,CHEMBL6423,True,primary,2.6884000000000006,286.09299999999996,1,3
COc1ccc(CCNCC(O)C(=O)Oc2ccccc2)cc1OC,CHEMBL415295,True,secondary,1.8023999999999996,345.3950000000001,2,6
COc1ccc(Cl)c(C2(F)C(=O)Nc3c(C#N)cccc32)c1,CHEMBL8069,True,secondary,3.385480000000002,316.719,1,3
Cc1nnc2c(NC3CCCC3)nc3ccccc3n12,CHEMBL267400,True,secondary,2.9404200000000014,267.33599999999996,1,4
CC1(C)[C@H](C(=O)O)N2C(=O)[C@@H](Cc3cn(-c4ccccc4)nn3)[C@H]2S1(=O)=O,CHEMBL6220,True,tertiary,0.2544999999999993,390.42100000000005,1,6
O=C1N(Cc2ccccc2)c2ccccc2C12OCCO2,CHEMBL6546,True,tertiary,2.4330000000000007,281.31100000000004,0,3
O=C1Nc2ccc(Br)cc2C12SCCS2,CHEMBL6548,True,secondary,3.0340000000000016,302.218,1,3
COc1ccc(C(=O)OCC(O)CNC(C)C)cc1,CHEMBL266130,True,secondary,1.2108999999999994,267.325,2,5
COc1ccc(Cl)cc1[C@]1(F)C(=O)Nc2cc(C(F)(F)F)ccc21,CHEMBL266510,True,secondary,4.532600000000002,359.706,1,2
NC1=NC(c2cccc(F)c2)Cc2ccccc21,CHEMBL440270,True,primary,2.828400000000001,240.28099999999998,1,2
C#CC(C)(C)NCC(O)COC(=O)c1ccccc1F,CHEMBL268430,True,secondary,1.3447999999999996,279.311,2,4
CN1C(=O)C2(OCCO2)c2ccccc21,CHEMBL6580,True,tertiary,0.8625999999999995,205.21300000000002,0,3
CN(C)c1ncnc2c1ncn2Cc1cccc(OC(=O)C(C)(C)C)c1,CHEMBL7553,True,tertiary,2.892100000000001,353.4260000000001,0,6
CC#CC1Cc2ccsc2C(N)=N1,CHEMBL8302,True,primary,1.4014,190.271,1,3
CCC1CCN(C)c2cc3oc(=O)cc(C(F)(F)F)c3cc21,CHEMBL6530,True,tertiary,4.145300000000003,311.303,0,3
CCCC(=O)Nc1ccc(S(=O)(=O)c2cccc(OC)c2)cc1,CHEMBL7637,True,secondary,3.266600000000002,333.40900000000005,1,4
Cc1ccc(C(=O)OCC(O)CNC(C)C)cc1,CHEMBL6840,True,secondary,1.5107199999999996,251.32600000000002,2,4
COC(=O)C1=CCCN(C)C1,CHEMBL7303,True,tertiary,0.4213,155.197,0,3
C[C@H](N)Cc1c2ccoc2cc2ccoc12.Cl,CHEMBL6838,True,primary,3.490500000000002,251.713,1,3
CC(C)NCC(O)COc1ccc(CCOC2CCCCC2)cc1,CHEMBL7250,True,secondary,3.3161000000000014,335.4880000000001,2,4
CN(C)c1ncnc2c1ncn2C,CHEMBL7977,True,tertiary,0.4292999999999999,177.21099999999998,0,4
Nc1nc(S)c2cc(Sc3ccc4ccccc4c3)ccc2n1,CHEMBL6686,True,primary,4.805100000000003,335.45700000000005,2,5
COC(=O)/C=C/CC1C(=O)N2[C@@H](C(=O)O)C(C)(C)S(=O)(=O)[C@H]12,CHEMBL6309,True,tertiary,-0.4495999999999991,331.346,1,6
c1ccc(Cn2cnc3c(N4CCC4)ncnc32)cc1,CHEMBL266675,True,tertiary,2.0846999999999998,265.32,0,4
Brc1cccc2[nH]c3c(c12)CCNC3,CHEMBL6426,True,secondary,2.5761000000000003,251.12699999999995,2,1
CCN(CC)c1nc2ccccc2n2cnnc12,CHEMBL7033,True,tertiary,2.1236999999999995,241.29800000000003,0,4
N=C(CP(=O)([O-])[O-])NCCC(=O)O.[Na+].[Na+],CHEMBL8013,True,secondary,-8.050330000000004,254.08999999999997,3,5
O=[N+]([O-])c1cc2c(cc3ccc4cccc5ccc2c3c45)o1,CHEMBL267206,True,tertiary,5.238400000000003,287.27400000000006,0,3
Cc1cc2c(cc1CC(C)N)OCO2,CHEMBL6376,True,primary,1.6134199999999996,193.24599999999995,1,3
CNc1ncnc2c1ncn2Cc1ccc(F)cc1,CHEMBL7071,True,secondary,2.0553999999999997,257.272,1,4
CCCOC(=O)c1ncn2c1CN(C)C(=O)c1cc(Cl)ccc1-2,CHEMBL6862,True,tertiary,2.6781000000000006,333.77500000000003,0,4
O=C(NCc1ccccc1)c1cc(-c2ccncc2)nnc1Cl,CHEMBL6551,True,secondary,3.1220000000000017,324.7710000000001,1,4
CN1Cc2c(C(=O)OC(C)(C)C)ncn2-c2ccccc2C1=O,CHEMBL7298,True,tertiary,2.4132000000000007,313.3570000000001,0,4
CCCOc1cccc(C(=O)OCC(O)CNC(C)C)c1,CHEMBL7307,True,secondary,1.9911,295.379,2,5
CCOC(=O)c1ccc(N/C(S)=N/c2ccc3c(c2)C(C)(C)CC(C)(C)O3)cc1,CHEMBL7573,True,secondary,5.731400000000005,412.55500000000023,2,4
COc1c2occc2c(CN2CCOCC2)c2ccc(=O)oc12.Cl,CHEMBL428334,True,tertiary,2.8018000000000014,351.786,0,6
CCCCCC[C@H](C(=O)N1C[C@@H](Oc2ccc(CC(=O)O)cc2)C[C@H]1C(=O)O)n1cnc2cc(-c3ccccc3S(=O)(=O)O)ccc21,CHEMBL7740,True,tertiary,5.221700000000004,663.7490000000004,3,7
CC[C@@H]1CCc2cc3c(C(F)(F)F)cc(O)nc3cc2N1,CHEMBL7177,True,secondary,4.095900000000002,296.292,2,3
CC/C(=C(\c1ccc(I)cc1)c1ccc(OCCCCCN2CCCC2)cc1)c1ccccc1,CHEMBL268389,True,tertiary,8.305200000000006,565.5390000000006,0,2
Cl.c1ccc(COc2noc3c2CNCC3)cc1,CHEMBL6587,True,secondary,2.3211000000000004,266.72799999999995,1,4
CCCC(=O)Nc1ccc(Oc2ccc(OC)cc2)cc1,CHEMBL8107,True,secondary,4.226100000000002,285.34299999999996,1,3
CNc1ncnc2c1ncn2Cc1ccccc1C(F)(F)F,CHEMBL268652,True,secondary,2.935100000000001,307.279,1,4
O=C1NC(=O)C(c2cn(CCOCCOCCO)c3ccccc23)=C1c1c[nH]c2ccccc12,CHEMBL7417,True,secondary,2.7153,459.50200000000007,3,5
S=C(Nc1ccc(Cl)cc1)OC(Cn1ccnc1)c1ccc(Cl)cc1Cl,CHEMBL8376,True,secondary,5.9982000000000015,426.7560000000001,1,3
CN1Cc2c(C(=O)OC(C)(C)C)ncn2-c2ccc(Cl)cc2C1=O,CHEMBL415293,True,tertiary,3.066600000000002,347.80200000000013,0,4
COc1cccc2c3c([nH]c12)CNCC3,CHEMBL269571,True,secondary,1.8221999999999998,202.25699999999995,2,2
NS(=O)(=O)c1nc2ccc(O)cc2s1,CHEMBL6685,True,primary,0.6493,230.27,2,5
CCCN(CCc1ccsc1)C1CCc2c(O)cccc2C1,CHEMBL7806,True,tertiary,4.265700000000003,315.482,1,3
O=C(N[C@@H](Cc1ccc(O)cc1)C(=O)O)c1ccccc1Br,CHEMBL7466,True,secondary,2.580400000000001,364.19500000000005,3,3
Br.CCN(CC)CCCOc1c2occc2cc2ccc(=O)oc12,CHEMBL6774,True,tertiary,4.227800000000004,396.28100000000006,0,5
Fc1ccccc1Cn1cnc2c(NC3CC3)ncnc21,CHEMBL268616,True,secondary,2.588000000000001,283.31,1,4
COc1ccc(CCNCC(O)COC(=O)c2ccccc2Cl)cc1OC,CHEMBL7330,True,secondary,2.707200000000001,393.8670000000001,2,6
Nc1nc(O)c2ncn(CCCCCP(=O)(O)CP(=O)(O)O)c2n1,CHEMBL269745,True,primary,0.6899999999999997,379.25,5,7
CNc1ncnc2c1ncn2Cc1cccc(F)c1F,CHEMBL6854,True,secondary,2.1944999999999997,275.262,1,4
COc1ccc(Cl)c(C2(F)C(=O)Nc3cc(Br)ccc32)c1,CHEMBL266993,True,secondary,4.276300000000002,370.605,1,2
C=CCOc1noc2c1CNCC2.Cl,CHEMBL268175,True,secondary,1.3069,216.66799999999998,1,4
CCOC(=O)c1ccc(N/C(S)=N/c2cccc3c2OC(C)(C)CC3(C)C)cc1,CHEMBL7543,True,secondary,5.731400000000004,412.5550000000003,2,4
CCOC(=O)C1=C(O)C(=O)N(C2CCCCC2)C1,CHEMBL267879,True,tertiary,1.5365,253.29799999999992,1,4
CC(C)(C)NCC(O)COC(=O)c1ccncc1,CHEMBL7336,True,secondary,0.9873999999999996,252.314,2,5
CC(C)(C)OC(=O)C1=C(O)C(=O)N(Cc2ccccc2)C1,CHEMBL7008,True,tertiary,2.1826,289.331,1,4
CC(C)(C)NCC(O)COC(=O)c1ccccc1F,CHEMBL7024,True,secondary,1.7314999999999998,269.316,2,4
NC1=NC(c2ccc(F)cc2)Cc2cccc(F)c21,CHEMBL7945,True,primary,2.967500000000002,258.271,1,2
CC1=C(C(=O)OC(C)(C)C)N2C(=O)/C(=C\OC(=O)C(C)(C)C)[C@H]2S(=O)(=O)C1,CHEMBL6865,True,tertiary,1.6720000000000002,399.46500000000015,0,7
CC(C)NCC(O)COC(=O)c1ccc2ccccc2c1,CHEMBL7739,True,secondary,2.3555,287.35900000000004,2,4
C#CCOc1cccc2c1-c1ccc3c(c1C(CC=C)O2)C(C)=CC(C)(C)N3,CHEMBL8360,True,secondary,5.982600000000005,371.48000000000013,1,3
CC(=O)Cc1c([N+](=O)[O-])oc2ccc3ccccc3c12,CHEMBL266774,True,tertiary,3.625700000000002,269.25600000000003,0,4
Cc1ccc([S+]([O-])c2cncc3sc(C(N)=O)cc23)cc1,CHEMBL6320,True,primary,2.8703200000000004,316.40700000000004,1,4
CN(C)c1ncnc2c1ncn2Cc1ccccc1Cl,CHEMBL268846,True,tertiary,2.5940000000000003,287.754,0,4
CC1(C)CC[C@]2(C(=O)N3CCCC3)CC[C@]3(C)C(C(=O)C=C4[C@@]5(C)C=C(C#N)C(=O)C(C)(C)[C@@H]5CC[C@]43C)C2C1,CHEMBL273970,True,tertiary,6.828380000000008,544.7800000000003,0,4
Cn1cc(C2=C(c3cn(CCCCCO)c4ccccc34)C(=O)NC2=O)c2ccccc21,CHEMBL6199,True,secondary,3.8628000000000027,427.50400000000013,2,3
CC(=O)c1ccc2c(ccc3oc([N+](=O)[O-])cc32)c1,CHEMBL269746,True,tertiary,3.6968000000000023,255.22899999999996,0,4
CCCCN(CCCC)CCC(O)c1c2ccccc2nc2ccccc12,CHEMBL7515,True,tertiary,5.713700000000006,364.5330000000001,1,3
CN(C)C1CC2CCC1(C)C2(C)C,CHEMBL268543,True,tertiary,2.7628000000000013,181.32299999999998,0,1
CC[C@]1(c2ccncc2)CC(C)(C)C(=O)NC1=O,CHEMBL269761,True,secondary,1.8020999999999998,246.30999999999995,1,3
O=C1NC(=O)c2c1c1c3ccccc3[nH]c1c1[nH]c3ccccc3c21,CHEMBL268368,True,secondary,3.839200000000001,325.32700000000006,3,2
NS(=O)(=O)c1ccc(C(=O)O)cc1,CHEMBL414,True,primary,0.03219999999999995,201.20299999999997,2,3
Oc1cc(Nc2ccccc2)ncn1,CHEMBL7052,True,secondary,1.9257999999999993,187.202,2,4
O=C(C(=O)N1CCCCC1C(=O)OCCS(=O)(=O)c1ccccc1)c1ccccc1,CHEMBL6699,True,tertiary,2.2675,429.49400000000014,0,6
CC1CN(Cc2ccccc2)C(=O)C1=O,CHEMBL7755,True,tertiary,1.234,203.24099999999996,0,2
Cn1c2c(c3ccccc31)CCNC2,CHEMBL263883,True,secondary,1.8239999999999998,186.25799999999992,1,1
C[C@@H](N)Cc1c2c(c(C(F)(F)F)c3c1OCC3)OCC2.Cl,CHEMBL6452,True,primary,2.8867000000000016,323.742,1,3
CC(=C\c1ccccc1)/C=C1/SC(=S)N(CC(=O)O)C1=O,CHEMBL7537,True,tertiary,2.918700000000001,319.40700000000004,1,4
CCCNC(=O)[C@]12CCC(C)(C)CC1C1C(=O)C=C3[C@@]4(C)C=C(C#N)C(=O)C(C)(C)[C@@H]4CC[C@@]3(C)[C@]1(C)CC2,CHEMBL268391,True,secondary,6.7321800000000085,532.7690000000003,1,4
Nc1nc2ccc(Cl)cc2c2nc(C3CCCO3)nn12,CHEMBL7511,True,primary,2.3645999999999994,289.72599999999994,1,5
N#Cc1ccc(-c2cc(C(N)=O)c(Cl)nn2)cc1Cl,CHEMBL6429,True,primary,2.42098,293.11299999999994,1,4
OC1c2ccc(OCc3ccccc3)cc2CCC1CCN1CCC(c2ccccc2)CC1,CHEMBL7473,True,tertiary,6.131100000000006,441.6150000000003,1,3
CC(=O)O[C@H]1C(=O)[C@@]2(C)C([C@H](OC(=O)c3ccccc3)[C@]3(O)C[C@H](OC(=O)[C@H](O)[C@@H](NC(=O)c4ccccc4)c4ccccc4)C(C)=C1C3(C)C)[C@]1(OC(C)=O)CO[C@@H]1C[C@@H]2O,CHEMBL48,True,secondary,3.7357000000000036,853.918,4,14
O=C(O)c1cn(C2CC2)c2cc(C3CCNCC3)c(F)cc2c1=O,CHEMBL275698,True,secondary,2.6407000000000007,330.35900000000004,2,3
Nc1nc(-c2cc(Cl)cc(Cl)c2)c(-c2cc(Cl)cc(Cl)c2)[nH]1,CHEMBL7935,True,primary,5.939500000000002,373.07000000000005,2,2
CN1Cc2c(C(=O)OC(C)(C)C)ncn2-c2ccc(N=C=S)cc2C1=O,CHEMBL6814,True,tertiary,3.1475000000000017,370.43400000000014,0,6
O=C(/C=C/c1ccc([N+](=O)[O-])cc1)c1ccc(O)cc1,CHEMBL266780,True,tertiary,3.1965000000000012,269.25600000000003,1,4
Nc1nc2ccccc2c(=O)[nH]1,CHEMBL6993,True,primary,0.5053000000000001,161.16399999999996,2,3
O[C@@H]1c2ccc(OCc3ccccc3-c3ccccc3)cc2CC[C@H]1CCN1CCC(c2ccccc2)CC1,CHEMBL7719,True,tertiary,7.798100000000009,517.7130000000004,1,3
CCCC(=O)Nc1ccccc1Oc1cccc(OC)c1,CHEMBL8278,True,secondary,4.226100000000002,285.343,1,3
CNC1C2CCC(C2)C1C,CHEMBL6820,True,secondary,1.6403999999999999,139.242,1,1
Cn1cc(C2=C(c3cn(CCC[N+](C)(C)C)c4ccccc34)C(=O)NC2=O)c2ccccc21,CHEMBL6331,True,secondary,3.7965000000000027,441.5550000000001,1,2
Oc1ccc(C2CNCCO2)cc1O,CHEMBL7681,True,secondary,0.7586999999999997,195.218,3,4
CC(N)Cc1ccc(I)cc1,CHEMBL6368,True,primary,2.1809000000000003,261.106,1,1
COc1c2occc2c(CN(CCO)CCO)c2ccc(=O)oc12.Cl,CHEMBL428674,True,tertiary,1.7561999999999993,369.801,2,7
CCOC(=O)C1=C(O)C(=O)N(Cc2ccc(Br)cc2)C1,CHEMBL7603,True,tertiary,2.1665,340.173,1,4
CCOC(=O)C1=C(O)C(=O)N(Cc2cccs2)C1,CHEMBL6944,True,tertiary,1.4655,267.30600000000004,1,5
Nc1nc(O)c2ccc(C(F)(F)F)cc2n1,CHEMBL267971,True,primary,1.9363999999999997,229.16099999999994,2,4
COC(=O)C(C)(C)CCCOc1cccc(OCCCC(C)(C)C(=O)OC)c1[N+](=O)[O-],CHEMBL8114,True,tertiary,4.311200000000004,439.5050000000003,0,8
O=C(N[C@@H](Cc1c[nH]c2ccc(F)cc12)C(=O)O)c1ccccc1Br,CHEMBL267158,True,secondary,3.4952000000000014,405.22300000000007,3,2
CCC1CCNc2cc3oc(=O)cc(C(F)(F)F)c3cc21,CHEMBL6843,True,secondary,4.121000000000003,297.276,1,3
COC(=O)Cc1ccc2c(ccc3oc([N+](=O)[O-])cc32)c1,CHEMBL267286,True,tertiary,3.2097000000000016,285.255,0,5
COc1c2occc2c(CN2CCCCC2)c2ccc(=O)oc12.Cl,CHEMBL6701,True,tertiary,3.955500000000004,349.814,0,5
CC1CCC(N)=NC1,CHEMBL269330,True,primary,0.7735000000000001,112.17600000000002,1,2
Oc1ncnc2c1Cc1ccccc1N2,CHEMBL6796,True,secondary,1.8299999999999998,199.21300000000002,2,4
O=C([O-])CCC/C=C\C[C@H]1[C@@H]2CC[C@@H](C2)[C@H]1CNS(=O)(=O)c1ccccc1.[Na+],CHEMBL8324,True,secondary,-0.5022999999999971,413.5150000000001,1,4
CN(C)c1ncnc2c1ncn2Cc1c(F)cccc1Cl,CHEMBL269381,True,tertiary,2.733100000000001,305.744,0,4
C=CCC1Oc2cccc(OCc3ccccc3)c2-c2ccc3c(c21)C(C)=CC(C)(C)N3,CHEMBL8131,True,secondary,7.549600000000005,423.55600000000015,1,3
CN(C)c1ncnc2c1ncn2Cc1cccc(I)c1,CHEMBL268404,True,tertiary,2.5452000000000004,379.205,0,4
O=C1Nc2ccccc2C12OCCO2,CHEMBL6816,True,secondary,0.8382999999999999,191.18599999999992,1,3
CCN1CCc2onc(OC)c2C1.Cl,CHEMBL6568,True,tertiary,1.483,218.684,0,4
COc1ccc2c3c([nH]c2c1)CNCC3,CHEMBL6310,True,secondary,1.8222,202.25699999999998,2,2
COc1ccc(CCNCC(O)COC(=O)c2ccc(C)cc2)cc1OC,CHEMBL7127,True,secondary,2.3622200000000007,373.4490000000001,2,6
CCCC(=O)Nc1ccc(Oc2cccc(OC)c2)cc1,CHEMBL7599,True,secondary,4.226100000000002,285.34299999999996,1,3
Cc1ccc2c(c1)C1(OCCO1)C(=O)N2,CHEMBL6395,True,secondary,1.1467199999999997,205.21299999999997,1,3
CCn1ncc2c(N[C@@H](C)C3CCCCC3)c3cc(C#N)ccc3nc21,CHEMBL8132,True,secondary,4.856780000000004,347.466,1,4
CC1=C(/C=C/C(C)=C/C=C/C(C)=C/C(=O)Nc2ccc(O)cc2)C(C)(C)CCC1,CHEMBL7301,True,secondary,6.8623000000000065,391.55500000000023,2,2
CCOC(=O)c1ccc(N/C(S)=N/c2ccc3c(c2)C(C)(C)CC(C)(C)S3)cc1,CHEMBL6609,True,secondary,6.444700000000005,428.6230000000002,2,4
Nc1nc2ccc(OCc3ccccc3)cc2c2nc(-c3ccco3)nn12,CHEMBL7748,True,primary,3.6987000000000023,357.3730000000001,1,6
C=CCC1Oc2cccc(COC)c2-c2ccc3c(c21)C(C)=CC(C)(C)N3,CHEMBL267670,True,secondary,6.117000000000005,361.48500000000007,1,3
NC(=O)C1Cc2cc3c(-c4ccccc4F)noc3c(Cl)c2O1,CHEMBL7783,True,primary,3.076100000000001,332.71800000000013,1,4
Cn1cc(C2=C(c3cn(CCO)c4ccccc34)C(=O)NC2=O)c2ccccc21,CHEMBL268292,True,secondary,2.692500000000001,385.4230000000001,2,3
O=[N+]([O-])c1cc2cc(Cl)c3ccccc3c2o1,CHEMBL7743,True,tertiary,4.1476000000000015,247.637,0,3
Cc1[nH]c2ccc(O)cc2c1CCN,CHEMBL266591,True,primary,1.68312,190.24599999999992,3,2
CCCC(=O)Nc1ccc(C(=O)c2cccc(OC)c2)cc1,CHEMBL8200,True,secondary,3.6648000000000023,297.354,1,3
NC1=NC(c2cccs2)Cc2ccsc21,CHEMBL8041,True,primary,2.8123000000000014,234.34899999999996,1,4
O=C(N[C@@H](CO)C(=O)O)c1ccccc1Br,CHEMBL7761,True,secondary,0.6243999999999998,288.097,3,3
CC(C)CC(=O)C(=O)N1CCCCC1C(=O)OCCS(=O)(=O)c1ccccc1,CHEMBL7131,True,tertiary,1.9997999999999996,409.5040000000001,0,6
O=C(N[C@@H](CS)C(=O)O)c1ccccc1Br,CHEMBL7335,True,secondary,1.5619,304.165,3,3
C=C1C[C@@H]1CC(N)=O,CHEMBL6794,True,primary,0.43790000000000007,111.144,1,1
CC(C)NCC(O)COc1ccc(C[S+]([O-])CC2CC2)cc1,CHEMBL6902,True,secondary,2.0829999999999993,325.4740000000001,2,4
NC1=NCCc2ccsc21,CHEMBL268521,True,primary,1.0094999999999998,152.22199999999998,1,3
Nc1nc(O)c2ncn(COCCI)c2n1,CHEMBL274150,True,primary,0.5232000000000001,335.10499999999996,2,6
CSc1nc(O)c2c(C(N)=O)[nH]nc2n1,CHEMBL7646,True,primary,-0.12070000000000014,225.233,3,6
CC/C(=C(\c1ccc(I)cc1)c1ccc(OCCCCCN(C)C)cc1)c1ccccc1,CHEMBL6327,True,tertiary,7.771000000000009,539.5010000000004,0,2
COc1ccc2[nH]c(C)c(CCN(C)C)c2c1,CHEMBL7143,True,tertiary,2.5890200000000005,232.32699999999997,1,2
Cc1ccc(Sc2cncc3sc(C(N)=O)cc23)cc1,CHEMBL267678,True,primary,3.854820000000002,300.408,1,4
CN(CC(=O)O)C(=N)CP(=O)([O-])[O-].[Na+].[Na+],CHEMBL8056,True,tertiary,-8.098230000000004,254.08999999999997,2,5
COc1cc(CC(C)N)c(OC)cc1I,CHEMBL6616,True,primary,2.1981,321.158,1,3
CC(C)NCC(O)COc1ccc(CCOC2CCCC2)cc1,CHEMBL267375,True,secondary,2.926000000000001,321.46100000000007,2,4
O=C1NC(=O)C(c2cn(CCOCCOCCOCCO)c3ccccc23)=C1c1c[nH]c2ccccc12,CHEMBL266521,True,secondary,2.7319000000000004,503.5550000000002,3,6
O=C(N[C@@H](Cc1c[nH]c2ncccc12)C(=O)O)c1ccccc1Br,CHEMBL7308,True,secondary,2.7511,388.221,3,3
CCCCc1c([N+](=O)[O-])oc2ccc3ccccc3c12,CHEMBL266762,True,tertiary,4.836800000000003,269.30000000000007,0,3
CC(C)NCC(O)COc1ccc(CCSCC2CCC2)cc1,CHEMBL7043,True,secondary,3.5001000000000024,337.5290000000001,2,4
CC(C)(C)OC(=O)C1=C(O)C(=O)N(Cc2cccs2)C1,CHEMBL6943,True,tertiary,2.2440999999999995,295.36,1,5
N#Cc1ccc(C[C@H](NC(=O)c2ccccc2Br)C(=O)O)cc1,CHEMBL7552,True,secondary,2.746480000000001,373.206,2,3
CNCC(O)COC(=O)c1ccc2c(c1)OCO2,CHEMBL7456,True,secondary,0.15239999999999942,253.25399999999996,2,6
NC(=O)c1ncn([C@H]2O[C@@H](CO)[C@@H](O)[C@@H]2O)n1,CHEMBL8076,True,primary,-3.0114999999999994,244.20700000000002,4,7
O=C1Nc2ccc(Cl)cc2C12OCCS2,CHEMBL6561,True,secondary,2.2082999999999995,241.69899999999996,1,3
CN1Cc2c(C(=O)OC(C)(C)C)ncn2-c2ccc(I)cc2C1=O,CHEMBL6659,True,tertiary,3.017800000000002,439.2530000000001,0,4
COc1ccc(CCNCC(O)COC(=O)c2ccc(F)cc2)cc1OC,CHEMBL269278,True,secondary,2.1929,377.4120000000001,2,6
COc1ccc(Cl)c(C2(F)C(=O)Nc3cc(C)ccc32)c1,CHEMBL266778,True,secondary,3.8222200000000024,305.736,1,2
CCCOC(=O)c1ncn2c1CN(C)C(=O)c1sccc1-2,CHEMBL268626,True,tertiary,2.0862,305.359,0,5
Cc1nc(O)c(N)cc1-c1ccc(-n2ccnc2)cc1,CHEMBL8178,True,primary,2.53052,266.30400000000003,2,4
COC(=O)C(C)(C)CCCOc1ccc(C=N/N=C(/N)S)c(OCCCC(C)(C)C(=O)OC)c1,CHEMBL267975,True,primary,3.9814000000000034,495.6420000000004,2,8
CC(C)OC(=O)c1ncn2c1CN(C)C(=O)c1cc(Cl)ccc1-2,CHEMBL6861,True,tertiary,2.6765000000000008,333.77500000000003,0,4
COc1ccc(CCNCC(O)COC(=O)c2ccccc2F)cc1OC,CHEMBL7539,True,secondary,2.1929,377.4120000000001,2,6
Nc1nc(O)c2cc(S(=O)(=O)c3ccc(Cl)c(Cl)c3)ccc2n1,CHEMBL7000,True,primary,3.057200000000001,370.2170000000001,2,6
C[C@@H](NC(=O)c1ccccc1Br)C(=O)O,CHEMBL7605,True,secondary,1.6520000000000001,272.09799999999996,2,2
CN(C)c1ncnc2c1ncn2Cc1ccc(Cl)cc1,CHEMBL7581,True,tertiary,2.5940000000000003,287.754,0,4
Cc1ccc(Sc2nccc3sc(C(N)=O)cc23)cc1,CHEMBL266798,True,primary,3.854820000000002,300.408,1,4
CC(=O)Nc1nc(O)c2cc(S(=O)(=O)c3ccc4ccccc4c3)ccc2n1,CHEMBL7136,True,secondary,3.2798000000000007,393.4240000000001,2,6
CCCCON,CHEMBL6960,True,primary,0.6768000000000002,89.138,1,2
CN(C)c1nc2ccc(Cl)cc2c2nc(-c3ccco3)nn12,CHEMBL7759,True,tertiary,3.2569000000000017,313.748,0,5
O=C1c2ccc(OCc3ccccc3-c3ccccc3)cc2CCC1CCN1CCC(c2ccccc2)CC1,CHEMBL7282,True,tertiary,7.947400000000009,515.6970000000003,0,3
Cc1cc(-c2c(F)cc3c(=O)c(Cc4ccccc4N)cn(C4CC4)c3c2F)cc(C)n1,CHEMBL7769,True,primary,5.466440000000003,431.4860000000002,1,3
CN(C)c1ncnc2c1ncn2C1CCCc2ccccc21,CHEMBL7579,True,tertiary,2.8180000000000014,293.37399999999997,0,4
CC(C)NCC(O)COC(=O)c1ccc(F)cc1,CHEMBL6863,True,secondary,1.3413999999999997,255.289,2,4
NC1=NC(c2ccccc2F)Cc2ccccc21,CHEMBL268403,True,primary,2.828400000000001,240.28099999999995,1,2
Clc1ncc(C2CC3CCC2N3)cn1,CHEMBL6489,True,secondary,1.7378999999999998,209.67999999999998,1,3
CC(C)NCC(O)COc1ccccc1,CHEMBL7154,True,secondary,1.4242999999999997,209.28900000000002,2,3
NC1=NC(C2CC2)Cc2ccccc21,CHEMBL7931,True,primary,1.7265999999999997,186.258,1,2
Brc1ccc2[nH]c3c(c2c1)CCNC3,CHEMBL6427,True,secondary,2.5761000000000003,251.12699999999995,2,1
NC(=O)c1ccccc1,CHEMBL267373,True,primary,0.7855000000000001,121.13899999999995,1,1
CC(C)NC1CCc2cc(O)c(O)cc2[C@H]1O,CHEMBL6898,True,secondary,1.444,237.299,4,4
NC1=NC(c2ccc(F)cc2)Cc2cc(F)ccc21,CHEMBL7946,True,primary,2.967500000000001,258.271,1,2
Nc1ncnc2c1ncn2Cc1ccccc1F,CHEMBL6773,True,primary,1.5958999999999999,243.24499999999998,1,4
COc1c2occc2c(CN(C)C)c2ccc(=O)oc12.Cl,CHEMBL267498,True,tertiary,3.0312000000000023,309.74899999999997,0,5
COc1cccc2[nH]c3c(c12)CCNC3,CHEMBL6586,True,secondary,1.8221999999999998,202.25699999999995,2,2
Fc1ccccc1Cn1cnc2c(NC3CCC3)ncnc21,CHEMBL266732,True,secondary,2.9781000000000013,297.337,1,4
COc1cccc(Oc2ccc(NC(=O)C(C)C)cc2)c1,CHEMBL7703,True,secondary,4.0820000000000025,285.343,1,3
CN(N=O)c1cc(O)ccc1O,CHEMBL269733,True,tertiary,1.2153999999999998,168.152,2,4
O=C(N[C@@H](Cc1cccs1)C(=O)O)c1ccccc1Br,CHEMBL7742,True,secondary,2.936300000000001,354.225,2,3
Nc1ncnc2c1ncn2Cc1ccccc1,CHEMBL266094,True,primary,1.4567999999999999,225.255,1,4
CN1CCC[C@H]1c1cccnc1,CHEMBL3,True,tertiary,1.8483,162.236,0,2
COc1ccc2ccc3oc([N+](=O)[O-])cc3c2c1OC,CHEMBL6965,True,tertiary,3.511400000000002,273.24399999999997,0,5
